Profile,Target distance [m],Target height [m],Optimal holdover,Optimal launch angle [Â°],best_x_hit [m],best_y_hit [m],Flight time [s],Final speed [m/s],Impact angle [Â°]
default,10.00,-10.00,0.205,-44.408,10.05,-10.04,0.20,71.27,-45.54
default,10.00,-9.00,0.221,-41.280,10.05,-9.00,0.19,71.14,-42.41
default,10.00,-8.00,0.198,-37.961,10.04,-8.00,0.18,71.01,-39.09
default,10.00,-7.00,0.168,-34.342,10.06,-7.02,0.17,70.88,-35.48
default,10.00,-6.00,0.156,-30.304,10.03,-6.00,0.17,70.75,-31.44
default,10.00,-5.00,0.129,-25.973,10.01,-5.00,0.16,70.62,-27.11
default,10.00,-4.00,0.140,-21.107,10.06,-4.00,0.15,70.49,-22.25
default,10.00,-3.00,0.117,-16.084,10.02,-3.00,0.15,70.36,-17.23
default,10.00,-2.00,0.114,-10.681,10.05,-2.00,0.15,70.22,-11.83
default,10.00,-1.00,0.106,-5.107,10.04,-1.00,0.14,70.08,-6.26
default,10.00,0.00,0.101,0.578,10.01,-0.00,0.14,69.94,-0.57
default,10.00,1.00,0.100,6.276,10.02,1.00,0.14,69.80,5.12
default,10.00,2.00,0.104,11.883,10.00,2.00,0.15,69.66,10.73
default,10.00,3.00,0.101,17.230,10.03,3.00,0.15,69.52,16.07
default,10.00,4.00,0.102,22.302,10.04,4.00,0.16,69.37,21.14
default,10.00,5.00,0.108,27.059,10.04,5.00,0.16,69.22,25.90
default,10.00,6.00,0.119,31.464,10.03,6.00,0.17,69.07,30.30
default,10.00,7.00,0.130,35.487,10.03,7.00,0.18,68.92,34.32
default,10.00,8.00,0.129,39.107,10.05,8.00,0.19,68.77,37.94
default,10.00,9.00,0.184,42.565,10.00,9.00,0.19,68.62,41.40
default,10.00,10.00,-0.000,45.000,10.05,9.84,0.20,68.49,43.82
default,12.00,-10.00,0.244,-39.111,12.05,-10.04,0.22,71.25,-40.47
default,12.00,-9.00,0.259,-36.070,12.05,-9.00,0.21,71.11,-37.43
default,12.00,-8.00,0.237,-32.899,12.05,-8.00,0.21,70.98,-34.26
default,12.00,-7.00,0.208,-29.509,12.00,-6.98,0.20,70.85,-30.87
default,12.00,-6.00,0.197,-25.807,12.04,-6.00,0.19,70.72,-27.17
default,12.00,-5.00,0.175,-21.906,12.01,-5.00,0.19,70.59,-23.27
default,12.00,-4.00,0.160,-17.745,12.00,-4.00,0.18,70.46,-19.11
default,12.00,-3.00,0.168,-13.277,12.06,-3.00,0.18,70.32,-14.65
default,12.00,-2.00,0.155,-8.739,12.04,-2.00,0.17,70.19,-10.11
default,12.00,-1.00,0.147,-4.068,12.01,-1.00,0.17,70.05,-5.44
default,12.00,0.00,0.145,0.694,12.04,0.00,0.17,69.91,-0.69
default,12.00,1.00,0.142,5.437,12.06,1.00,0.17,69.77,4.05
default,12.00,2.00,0.140,10.112,12.06,2.00,0.18,69.63,8.72
default,12.00,3.00,0.142,14.672,12.05,3.00,0.18,69.49,13.28
default,12.00,4.00,0.149,19.073,12.04,4.00,0.18,69.34,17.68
default,12.00,5.00,0.162,23.274,12.02,5.00,0.19,69.19,21.88
default,12.00,6.00,0.178,27.240,12.01,6.00,0.19,69.05,25.85
default,12.00,7.00,0.193,30.939,12.01,7.00,0.20,68.90,29.54
default,12.00,8.00,0.200,34.345,12.02,8.00,0.21,68.75,32.94
default,12.00,9.00,0.193,37.455,12.00,8.96,0.22,68.60,36.05
default,12.00,10.00,0.215,40.406,12.04,10.00,0.23,68.44,38.99
default,14.00,-10.00,0.323,-34.653,14.04,-10.00,0.24,71.22,-36.23
default,14.00,-9.00,0.286,-31.899,14.02,-9.00,0.24,71.09,-33.48
default,14.00,-8.00,0.275,-28.891,14.03,-8.00,0.23,70.96,-30.48
default,14.00,-7.00,0.266,-25.688,14.06,-7.01,0.22,70.83,-27.28
default,14.00,-6.00,0.251,-22.324,14.05,-6.00,0.22,70.70,-23.92
default,14.00,-5.00,0.237,-18.789,14.05,-5.00,0.21,70.56,-20.39
default,14.00,-4.00,0.228,-15.079,14.06,-4.00,0.21,70.43,-16.68
default,14.00,-3.00,0.205,-11.289,14.00,-3.00,0.20,70.29,-12.89
default,14.00,-2.00,0.204,-7.311,14.02,-2.00,0.20,70.16,-8.91
default,14.00,-1.00,0.202,-3.264,14.05,-1.00,0.20,70.02,-4.87
default,14.00,0.00,0.198,0.810,14.07,-0.00,0.20,69.88,-0.80
default,14.00,1.00,0.197,4.889,14.02,1.00,0.20,69.74,3.28
default,14.00,2.00,0.197,8.919,14.04,2.00,0.20,69.60,7.30
default,14.00,3.00,0.196,12.860,14.06,3.00,0.21,69.45,11.24
default,14.00,4.00,0.213,16.748,14.01,4.00,0.21,69.31,15.13
default,14.00,5.00,0.212,20.420,14.04,5.00,0.21,69.16,18.79
default,14.00,6.00,0.236,24.010,14.06,6.03,0.22,69.01,22.38
default,14.00,7.00,0.223,27.291,14.05,7.00,0.23,68.87,25.65
default,14.00,8.00,0.236,30.468,14.05,8.00,0.23,68.72,28.83
default,14.00,9.00,0.274,33.521,14.06,9.03,0.24,68.56,31.88
default,14.00,10.00,0.271,36.264,14.05,10.00,0.25,68.42,34.62
default,16.00,-10.00,0.364,-31.059,16.06,-10.03,0.27,71.19,-32.87
default,16.00,-9.00,0.349,-28.400,16.06,-9.02,0.26,71.06,-30.21
default,16.00,-8.00,0.329,-25.616,16.02,-8.00,0.25,70.93,-27.43
default,16.00,-7.00,0.305,-22.706,16.01,-7.00,0.25,70.80,-24.52
default,16.00,-6.00,0.296,-19.622,16.01,-6.00,0.24,70.67,-21.44
default,16.00,-5.00,0.294,-16.391,16.04,-5.00,0.24,70.53,-18.21
default,16.00,-4.00,0.275,-13.105,16.02,-4.00,0.24,70.40,-14.93
default,16.00,-3.00,0.265,-9.700,16.00,-3.00,0.23,70.26,-11.53
default,16.00,-2.00,0.260,-6.205,16.00,-2.00,0.23,70.13,-8.03
default,16.00,-1.00,0.258,-2.654,16.01,-1.00,0.23,69.99,-4.49
default,16.00,0.00,0.258,0.923,16.02,-0.00,0.23,69.85,-0.92
default,16.00,1.00,0.257,4.491,16.04,1.00,0.23,69.71,2.65
default,16.00,2.00,0.262,8.046,16.01,2.00,0.23,69.57,6.20
default,16.00,3.00,0.260,11.518,16.04,3.00,0.23,69.42,9.66
default,16.00,4.00,0.270,14.944,16.02,4.00,0.24,69.28,13.09
default,16.00,5.00,0.281,18.268,16.01,5.00,0.24,69.13,16.41
default,16.00,6.00,0.290,21.462,16.02,6.00,0.25,68.99,19.60
default,16.00,7.00,0.293,24.503,16.04,7.00,0.25,68.84,22.63
default,16.00,8.00,0.320,27.474,16.01,8.00,0.26,68.69,25.60
default,16.00,9.00,0.339,30.272,16.01,9.00,0.27,68.54,28.40
default,16.00,10.00,0.341,32.876,16.04,10.00,0.27,68.39,31.00
default,18.00,-10.00,0.438,-27.979,18.04,-10.00,0.29,71.16,-30.01
default,18.00,-9.00,0.431,-25.456,18.06,-9.00,0.29,71.03,-27.50
default,18.00,-8.00,0.404,-22.880,18.04,-8.00,0.28,70.90,-24.92
default,18.00,-7.00,0.393,-20.156,18.06,-7.00,0.28,70.77,-22.20
default,18.00,-6.00,0.366,-17.380,18.02,-6.00,0.27,70.64,-19.43
default,18.00,-5.00,0.352,-14.478,18.02,-5.00,0.27,70.50,-16.53
default,18.00,-4.00,0.346,-11.474,18.03,-4.00,0.26,70.37,-13.53
default,18.00,-3.00,0.344,-8.393,18.06,-3.00,0.26,70.23,-10.46
default,18.00,-2.00,0.334,-5.289,18.04,-2.00,0.26,70.09,-7.35
default,18.00,-1.00,0.329,-2.136,18.04,-1.00,0.26,69.96,-4.20
default,18.00,0.00,0.326,1.039,18.05,0.00,0.26,69.82,-1.03
default,18.00,1.00,0.327,4.217,18.00,1.00,0.26,69.68,2.15
default,18.00,2.00,0.327,7.367,18.04,2.00,0.26,69.53,5.29
default,18.00,3.00,0.333,10.492,18.02,3.00,0.26,69.39,8.41
default,18.00,4.00,0.340,13.556,18.02,4.00,0.27,69.25,11.47
default,18.00,5.00,0.344,16.536,18.04,5.00,0.27,69.10,14.44
default,18.00,6.00,0.365,19.474,18.00,6.00,0.27,68.96,17.38
default,18.00,7.00,0.358,22.234,18.06,7.00,0.28,68.81,20.13
default,18.00,8.00,0.395,25.004,18.00,8.00,0.28,68.66,22.90
default,18.00,9.00,0.393,27.557,18.04,9.00,0.29,68.51,25.45
default,18.00,10.00,0.413,30.049,18.04,10.00,0.30,68.36,27.93
default,20.00,-10.00,0.505,-25.395,20.02,-10.00,0.32,71.13,-27.65
default,20.00,-9.00,0.478,-23.078,20.01,-9.00,0.31,71.00,-25.34
default,20.00,-8.00,0.470,-20.631,20.03,-8.00,0.31,70.87,-22.90
default,20.00,-7.00,0.446,-18.143,20.00,-7.00,0.30,70.74,-20.41
default,20.00,-6.00,0.437,-15.545,20.01,-6.00,0.30,70.61,-17.82
default,20.00,-5.00,0.435,-12.856,20.05,-5.00,0.29,70.47,-15.14
default,20.00,-4.00,0.422,-10.142,20.03,-4.00,0.29,70.34,-12.43
default,20.00,-3.00,0.416,-7.360,20.05,-3.00,0.29,70.20,-9.65
default,20.00,-2.00,0.406,-4.558,20.01,-2.00,0.29,70.06,-6.85
default,20.00,-1.00,0.407,-1.699,20.06,-1.00,0.29,69.92,-4.00
default,20.00,0.00,0.403,1.156,20.07,0.00,0.29,69.78,-1.15
default,20.00,1.00,0.403,4.013,20.02,1.00,0.29,69.65,1.71
default,20.00,2.00,0.402,6.849,20.07,2.00,0.29,69.50,4.53
default,20.00,3.00,0.405,9.663,20.06,3.00,0.29,69.36,7.34
default,20.00,4.00,0.420,12.461,20.01,4.00,0.29,69.22,10.14
default,20.00,5.00,0.420,15.164,20.05,5.00,0.30,69.07,12.84
default,20.00,6.00,0.432,17.829,20.04,6.00,0.30,68.93,15.50
default,20.00,7.00,0.439,20.402,20.06,7.00,0.31,68.78,18.06
default,20.00,8.00,0.463,22.935,20.03,8.00,0.31,68.63,20.59
default,20.00,9.00,0.479,25.358,20.03,9.00,0.32,68.48,23.01
default,20.00,10.00,0.494,27.685,20.00,9.98,0.32,68.34,25.34
default,22.00,-10.00,0.599,-23.137,22.05,-10.00,0.34,71.10,-25.62
default,22.00,-9.00,0.566,-20.975,22.07,-9.02,0.34,70.98,-23.47
default,22.00,-8.00,0.564,-18.676,22.06,-8.00,0.33,70.84,-21.17
default,22.00,-7.00,0.529,-16.391,22.00,-7.00,0.33,70.71,-18.89
default,22.00,-6.00,0.532,-13.957,22.05,-6.00,0.33,70.58,-16.46
default,22.00,-5.00,0.522,-11.505,22.06,-5.00,0.32,70.44,-14.02
default,22.00,-4.00,0.505,-9.028,22.03,-4.00,0.32,70.31,-11.54
default,22.00,-3.00,0.496,-6.492,22.02,-3.00,0.32,70.17,-9.01
default,22.00,-2.00,0.494,-3.917,22.05,-2.00,0.32,70.03,-6.44
default,22.00,-1.00,0.488,-1.333,22.02,-1.00,0.32,69.89,-3.86
default,22.00,0.00,0.487,1.268,22.02,0.00,0.32,69.75,-1.26
default,22.00,1.00,0.487,3.868,22.05,1.00,0.32,69.61,1.33
default,22.00,2.00,0.491,6.459,22.03,2.00,0.32,69.47,3.92
default,22.00,3.00,0.495,9.027,22.03,3.00,0.32,69.33,6.48
default,22.00,4.00,0.497,11.553,22.06,4.00,0.32,69.19,9.00
default,22.00,5.00,0.508,14.055,22.04,5.00,0.33,69.04,11.49
default,22.00,6.00,0.515,16.495,22.06,6.00,0.33,68.90,13.93
default,22.00,7.00,0.535,18.907,22.03,7.00,0.33,68.75,16.34
default,22.00,8.00,0.551,21.240,22.03,8.00,0.34,68.60,18.66
default,22.00,9.00,0.555,23.477,22.06,9.00,0.34,68.45,20.89
default,22.00,10.00,0.576,25.675,22.05,10.00,0.35,68.31,23.09
default,24.00,-10.00,0.686,-21.211,24.04,-10.00,0.37,71.08,-23.92
default,24.00,-9.00,0.662,-19.157,24.03,-9.00,0.36,70.94,-21.87
default,24.00,-8.00,0.656,-17.015,24.06,-8.00,0.36,70.81,-19.74
default,24.00,-7.00,0.637,-14.849,24.05,-7.00,0.36,70.68,-17.58
default,24.00,-6.00,0.610,-12.657,24.01,-6.00,0.35,70.55,-15.39
default,24.00,-5.00,0.610,-10.365,24.07,-5.00,0.35,70.41,-13.11
default,24.00,-4.00,0.594,-8.078,24.02,-4.00,0.35,70.27,-10.82
default,24.00,-3.00,0.595,-5.723,24.07,-3.00,0.35,70.14,-8.48
default,24.00,-2.00,0.582,-3.382,24.01,-2.00,0.34,70.00,-6.13
default,24.00,-1.00,0.582,-0.998,24.05,-1.00,0.34,69.86,-3.76
default,24.00,0.00,0.580,1.384,24.04,0.00,0.34,69.72,-1.38
default,24.00,1.00,0.580,3.767,24.07,1.00,0.35,69.58,0.99
default,24.00,2.00,0.582,6.141,24.05,2.00,0.35,69.44,3.36
default,24.00,3.00,0.585,8.497,24.06,3.00,0.35,69.30,5.71
default,24.00,4.00,0.595,10.840,24.03,4.00,0.35,69.15,8.05
default,24.00,5.00,0.605,13.144,24.03,5.00,0.35,69.01,10.35
default,24.00,6.00,0.609,15.396,24.06,6.00,0.36,68.87,12.59
default,24.00,7.00,0.624,17.622,24.05,7.00,0.36,68.72,14.82
default,24.00,8.00,0.653,19.827,24.00,8.00,0.37,68.57,17.02
default,24.00,9.00,0.652,21.908,24.06,9.00,0.37,68.42,19.09
default,24.00,10.00,0.691,24.011,24.01,10.00,0.38,68.28,21.19
default,26.00,-10.00,0.770,-19.544,26.01,-10.00,0.40,71.05,-22.48
default,26.00,-9.00,0.766,-17.573,26.05,-9.00,0.39,70.91,-20.52
default,26.00,-8.00,0.750,-15.582,26.05,-8.00,0.39,70.78,-18.53
default,26.00,-7.00,0.725,-13.569,26.02,-7.00,0.38,70.65,-16.52
default,26.00,-6.00,0.714,-11.492,26.03,-6.00,0.38,70.51,-14.45
default,26.00,-5.00,0.712,-9.364,26.07,-5.00,0.38,70.38,-12.34
default,26.00,-4.00,0.690,-7.255,26.00,-4.00,0.38,70.24,-10.22
default,26.00,-3.00,0.690,-5.077,26.04,-3.00,0.37,70.11,-8.06
default,26.00,-2.00,0.685,-2.896,26.04,-2.00,0.37,69.97,-5.88
default,26.00,-1.00,0.684,-0.697,26.07,-1.00,0.37,69.83,-3.69
default,26.00,0.00,0.681,1.501,26.06,-0.00,0.37,69.69,-1.50
default,26.00,1.00,0.682,3.701,26.02,1.00,0.37,69.55,0.70
default,26.00,2.00,0.686,5.899,26.00,2.00,0.37,69.41,2.89
default,26.00,3.00,0.691,8.080,26.02,3.00,0.38,69.27,5.07
default,26.00,4.00,0.693,10.231,26.07,4.00,0.38,69.12,7.21
default,26.00,5.00,0.710,12.387,26.01,5.00,0.38,68.98,9.36
default,26.00,6.00,0.714,14.479,26.05,6.00,0.39,68.83,11.44
default,26.00,7.00,0.725,16.547,26.06,7.00,0.39,68.69,13.50
default,26.00,8.00,0.747,18.595,26.03,8.00,0.39,68.54,15.55
default,26.00,9.00,0.763,20.581,26.04,9.00,0.40,68.40,17.53
default,26.00,10.00,0.793,22.544,26.01,10.00,0.40,68.25,19.49
default,28.00,-10.00,0.885,-18.031,28.04,-10.00,0.42,71.02,-21.20
default,28.00,-9.00,0.871,-16.189,28.05,-9.00,0.42,70.88,-19.36
default,28.00,-8.00,0.848,-14.329,28.03,-8.00,0.41,70.75,-17.51
default,28.00,-7.00,0.839,-12.409,28.05,-7.00,0.41,70.62,-15.60
default,28.00,-6.00,0.823,-10.475,28.03,-6.00,0.41,70.48,-13.67
default,28.00,-5.00,0.818,-8.496,28.06,-5.00,0.41,70.35,-11.70
default,28.00,-4.00,0.806,-6.507,28.05,-4.00,0.40,70.21,-9.71
default,28.00,-3.00,0.793,-4.506,28.00,-3.00,0.40,70.08,-7.71
default,28.00,-2.00,0.796,-2.463,28.07,-2.00,0.40,69.94,-5.68
default,28.00,-1.00,0.789,-0.431,28.02,-1.00,0.40,69.80,-3.65
default,28.00,0.00,0.789,1.614,28.01,0.00,0.40,69.66,-1.61
default,28.00,1.00,0.791,3.659,28.03,1.00,0.40,69.52,0.42
default,28.00,2.00,0.795,5.700,28.02,2.00,0.40,69.38,2.46
default,28.00,3.00,0.799,7.726,28.04,3.00,0.41,69.23,4.48
default,28.00,4.00,0.808,9.743,28.03,4.00,0.41,69.09,6.49
default,28.00,5.00,0.814,11.731,28.05,5.00,0.41,68.95,8.47
default,28.00,6.00,0.828,13.704,28.04,6.00,0.41,68.80,10.44
default,28.00,7.00,0.837,15.636,28.06,7.00,0.42,68.66,12.36
default,28.00,8.00,0.855,17.549,28.05,8.00,0.42,68.51,14.27
default,28.00,9.00,0.886,19.447,28.00,9.00,0.43,68.37,16.16
default,28.00,10.00,0.888,21.249,28.00,9.98,0.43,68.22,17.96
default,30.00,-10.00,1.001,-16.697,30.04,-10.00,0.45,70.99,-20.09
default,30.00,-9.00,0.979,-14.968,30.03,-9.00,0.45,70.85,-18.37
default,30.00,-8.00,0.973,-13.183,30.06,-8.00,0.44,70.72,-16.59
default,30.00,-7.00,0.958,-11.387,30.06,-7.00,0.44,70.59,-14.80
default,30.00,-6.00,0.938,-9.577,30.03,-6.00,0.44,70.45,-13.00
default,30.00,-5.00,0.930,-7.726,30.04,-5.00,0.43,70.32,-11.15
default,30.00,-4.00,0.918,-5.866,30.02,-4.00,0.43,70.18,-9.30
default,30.00,-3.00,0.914,-3.978,30.04,-3.00,0.43,70.04,-7.42
default,30.00,-2.00,0.908,-2.085,30.02,-2.00,0.43,69.91,-5.53
default,30.00,-1.00,0.907,-0.177,30.04,-1.00,0.43,69.77,-3.63
default,30.00,0.00,0.906,1.730,30.03,0.00,0.43,69.63,-1.73
default,30.00,1.00,0.908,3.639,30.05,1.00,0.43,69.49,0.17
default,30.00,2.00,0.912,5.543,30.04,2.00,0.43,69.35,2.07
default,30.00,3.00,0.915,7.436,30.07,3.00,0.43,69.20,3.95
default,30.00,4.00,0.923,9.319,30.06,4.00,0.44,69.06,5.83
default,30.00,5.00,0.938,11.195,30.02,5.00,0.44,68.92,7.70
default,30.00,6.00,0.951,13.045,30.01,6.00,0.44,68.77,9.54
default,30.00,7.00,0.959,14.858,30.05,7.00,0.45,68.63,11.35
default,30.00,8.00,0.974,16.654,30.05,8.00,0.45,68.48,13.13
default,30.00,9.00,1.000,18.435,30.02,9.00,0.45,68.34,14.91
default,30.00,10.00,1.017,20.166,30.03,10.00,0.46,68.19,16.63
default,32.00,-10.00,1.120,-15.510,32.03,-10.00,0.48,70.96,-19.13
default,32.00,-9.00,1.093,-13.880,32.00,-9.00,0.47,70.82,-17.50
default,32.00,-8.00,1.082,-12.199,32.02,-8.00,0.47,70.69,-15.83
default,32.00,-7.00,1.065,-10.507,32.00,-7.00,0.47,70.56,-14.15
default,32.00,-6.00,1.060,-8.776,32.03,-6.00,0.46,70.42,-12.42
default,32.00,-5.00,1.050,-7.037,32.03,-5.00,0.46,70.29,-10.69
default,32.00,-4.00,1.048,-5.271,32.06,-4.00,0.46,70.15,-8.94
default,32.00,-3.00,1.036,-3.512,32.00,-3.00,0.46,70.01,-7.18
default,32.00,-2.00,1.035,-1.728,32.05,-2.00,0.46,69.87,-5.41
default,32.00,-1.00,1.033,0.059,32.06,-1.00,0.46,69.73,-3.63
default,32.00,0.00,1.032,1.847,32.04,0.00,0.46,69.60,-1.85
default,32.00,1.00,1.033,3.636,32.07,1.00,0.46,69.45,-0.07
default,32.00,2.00,1.037,5.421,32.06,2.00,0.46,69.31,1.71
default,32.00,3.00,1.045,7.204,32.01,3.00,0.46,69.17,3.49
default,32.00,4.00,1.054,8.975,32.01,4.00,0.46,69.03,5.25
default,32.00,5.00,1.060,10.724,32.05,5.00,0.47,68.89,6.99
default,32.00,6.00,1.071,12.461,32.05,6.00,0.47,68.74,8.72
default,32.00,7.00,1.090,14.188,32.03,7.00,0.47,68.60,10.44
default,32.00,8.00,1.104,15.880,32.04,8.00,0.48,68.45,12.12
default,32.00,9.00,1.126,17.559,32.03,9.00,0.48,68.30,13.80
default,32.00,10.00,1.139,19.193,32.05,10.00,0.49,68.16,15.42
default,34.00,-10.00,1.243,-14.443,34.01,-10.00,0.50,70.93,-18.29
default,34.00,-9.00,1.234,-12.867,34.04,-9.00,0.50,70.79,-16.72
default,34.00,-8.00,1.217,-11.282,34.03,-8.00,0.50,70.66,-15.15
default,34.00,-7.00,1.197,-9.686,34.00,-7.00,0.49,70.53,-13.55
default,34.00,-6.00,1.189,-8.054,34.02,-6.00,0.49,70.39,-11.93
default,34.00,-5.00,1.177,-6.415,34.00,-5.00,0.49,70.25,-10.30
default,34.00,-4.00,1.175,-4.750,34.03,-4.00,0.49,70.12,-8.64
default,34.00,-3.00,1.169,-3.083,34.03,-3.00,0.49,69.98,-6.98
default,34.00,-2.00,1.169,-1.400,34.07,-2.00,0.49,69.84,-5.31
default,34.00,-1.00,1.163,0.274,34.01,-1.00,0.49,69.70,-3.64
default,34.00,0.00,1.165,1.963,34.06,-0.00,0.49,69.56,-1.97
default,34.00,1.00,1.167,3.647,34.01,1.00,0.49,69.42,-0.28
default,34.00,2.00,1.172,5.330,34.00,2.00,0.49,69.28,1.39
default,34.00,3.00,1.178,7.006,34.03,3.00,0.49,69.14,3.06
default,34.00,4.00,1.186,8.673,34.03,4.00,0.49,69.00,4.72
default,34.00,5.00,1.200,10.335,34.00,5.00,0.50,68.86,6.37
default,34.00,6.00,1.212,11.976,34.02,6.00,0.50,68.71,8.00
default,34.00,7.00,1.230,13.607,34.00,7.00,0.50,68.57,9.63
default,34.00,8.00,1.243,15.208,34.03,8.00,0.51,68.42,11.22
default,34.00,9.00,1.263,16.796,34.02,9.00,0.51,68.27,12.80
default,34.00,10.00,1.274,18.345,34.06,10.00,0.51,68.13,14.33
default,36.00,-10.00,1.394,-13.445,36.05,-10.00,0.53,70.90,-17.53
default,36.00,-9.00,1.379,-11.953,36.06,-9.00,0.53,70.76,-16.04
default,36.00,-8.00,1.359,-10.453,36.04,-8.00,0.53,70.63,-14.55
default,36.00,-7.00,1.341,-8.933,36.00,-6.99,0.52,70.49,-13.03
default,36.00,-6.00,1.325,-7.399,36.00,-6.00,0.52,70.36,-11.50
default,36.00,-5.00,1.325,-5.829,36.05,-5.00,0.52,70.22,-9.95
default,36.00,-4.00,1.320,-4.258,36.06,-4.00,0.52,70.09,-8.39
default,36.00,-3.00,1.313,-2.684,36.06,-3.00,0.52,69.95,-6.82
default,36.00,-2.00,1.305,-1.105,36.02,-2.00,0.52,69.81,-5.25
default,36.00,-1.00,1.305,0.485,36.02,-1.00,0.52,69.67,-3.66
default,36.00,0.00,1.305,2.076,36.00,0.00,0.52,69.53,-2.08
default,36.00,1.00,1.309,3.669,36.02,1.00,0.52,69.39,-0.50
default,36.00,2.00,1.314,5.259,36.01,2.00,0.52,69.25,1.09
default,36.00,3.00,1.320,6.842,36.05,3.00,0.52,69.11,2.66
default,36.00,4.00,1.328,8.419,36.05,4.00,0.52,68.97,4.22
default,36.00,5.00,1.341,9.989,36.03,5.00,0.52,68.82,5.79
default,36.00,6.00,1.351,11.542,36.05,6.00,0.53,68.68,7.33
default,36.00,7.00,1.368,13.085,36.04,7.00,0.53,68.53,8.86
default,36.00,8.00,1.391,14.621,36.00,8.00,0.53,68.39,10.40
default,36.00,9.00,1.410,16.128,36.01,9.00,0.54,68.24,11.89
default,36.00,10.00,1.419,17.599,36.06,10.00,0.54,68.10,13.35
default,38.00,-10.00,1.528,-12.569,38.01,-10.00,0.56,70.87,-16.87
default,38.00,-9.00,1.510,-11.150,38.00,-9.00,0.56,70.73,-15.46
default,38.00,-8.00,1.506,-9.698,38.05,-8.00,0.55,70.60,-14.02
default,38.00,-7.00,1.496,-8.241,38.06,-7.00,0.55,70.46,-12.58
default,38.00,-6.00,1.483,-6.779,38.05,-6.00,0.55,70.33,-11.12
default,38.00,-5.00,1.468,-5.311,38.02,-5.00,0.55,70.19,-9.66
default,38.00,-4.00,1.462,-3.820,38.03,-4.00,0.55,70.06,-8.18
default,38.00,-3.00,1.456,-2.327,38.01,-3.00,0.55,69.92,-6.69
default,38.00,-2.00,1.456,-0.820,38.04,-2.00,0.55,69.78,-5.20
default,38.00,-1.00,1.455,0.686,38.04,-1.00,0.55,69.64,-3.70
default,38.00,0.00,1.455,2.193,38.01,0.00,0.55,69.50,-2.20
default,38.00,1.00,1.459,3.702,38.03,1.00,0.55,69.36,-0.70
default,38.00,2.00,1.464,5.209,38.02,2.00,0.55,69.22,0.80
default,38.00,3.00,1.470,6.709,38.06,3.00,0.55,69.08,2.29
default,38.00,4.00,1.478,8.203,38.07,4.00,0.55,68.93,3.77
default,38.00,5.00,1.490,9.692,38.05,5.00,0.55,68.79,5.25
default,38.00,6.00,1.509,11.178,38.00,6.00,0.56,68.65,6.73
default,38.00,7.00,1.525,12.645,38.00,7.00,0.56,68.50,8.19
default,38.00,8.00,1.536,14.088,38.04,8.00,0.56,68.36,9.62
default,38.00,9.00,1.552,15.520,38.06,9.00,0.57,68.21,11.04
default,38.00,10.00,1.575,16.942,38.05,10.00,0.57,68.07,12.45
default,40.00,-10.00,1.689,-11.738,40.03,-10.00,0.59,70.84,-16.27
default,40.00,-9.00,1.667,-10.388,40.01,-9.00,0.58,70.70,-14.93
default,40.00,-8.00,1.660,-9.006,40.04,-8.00,0.58,70.57,-13.56
default,40.00,-7.00,1.648,-7.620,40.05,-7.00,0.58,70.43,-12.18
default,40.00,-6.00,1.634,-6.230,40.03,-6.00,0.58,70.30,-10.80
default,40.00,-5.00,1.630,-4.816,40.05,-5.00,0.58,70.16,-9.40
default,40.00,-4.00,1.623,-3.401,40.05,-4.00,0.58,70.02,-7.99
default,40.00,-3.00,1.615,-1.983,40.03,-3.00,0.57,69.89,-6.58
default,40.00,-2.00,1.615,-0.552,40.05,-2.00,0.57,69.75,-5.16
default,40.00,-1.00,1.613,0.878,40.05,-1.00,0.57,69.61,-3.74
default,40.00,0.00,1.613,2.309,40.02,-0.00,0.57,69.47,-2.32
default,40.00,1.00,1.617,3.743,40.04,1.00,0.58,69.33,-0.89
default,40.00,2.00,1.622,5.175,40.03,2.00,0.58,69.19,0.53
default,40.00,3.00,1.629,6.601,40.07,3.00,0.58,69.05,1.94
default,40.00,4.00,1.641,8.027,40.01,4.00,0.58,68.90,3.37
default,40.00,5.00,1.649,9.437,40.06,5.00,0.58,68.76,4.76
default,40.00,6.00,1.666,10.849,40.02,6.00,0.58,68.62,6.17
default,40.00,7.00,1.682,12.246,40.03,7.00,0.59,68.47,7.55
default,40.00,8.00,1.703,13.635,40.01,8.00,0.59,68.33,8.93
default,40.00,9.00,1.719,15.001,40.03,9.00,0.59,68.18,10.29
default,40.00,10.00,1.741,16.358,40.04,10.00,0.60,68.04,11.63
default,42.00,-10.00,1.856,-10.974,42.05,-10.00,0.61,70.80,-15.74
default,42.00,-9.00,1.831,-9.686,42.02,-9.00,0.61,70.67,-14.46
default,42.00,-8.00,1.821,-8.369,42.03,-8.00,0.61,70.54,-13.15
default,42.00,-7.00,1.808,-7.047,42.03,-7.00,0.61,70.40,-11.84
default,42.00,-6.00,1.805,-5.703,42.07,-6.00,0.61,70.27,-10.51
default,42.00,-5.00,1.788,-4.373,42.02,-5.00,0.60,70.13,-9.18
default,42.00,-4.00,1.781,-3.024,42.01,-4.00,0.60,69.99,-7.84
default,42.00,-3.00,1.782,-1.661,42.05,-3.00,0.60,69.85,-6.49
default,42.00,-2.00,1.775,-0.307,42.00,-2.00,0.60,69.72,-5.14
default,42.00,-1.00,1.780,1.063,42.06,-1.00,0.60,69.58,-3.79
default,42.00,0.00,1.779,2.426,42.03,0.00,0.60,69.44,-2.43
default,42.00,1.00,1.784,3.792,42.05,1.00,0.60,69.30,-1.08
default,42.00,2.00,1.789,5.155,42.04,2.00,0.61,69.16,0.28
default,42.00,3.00,1.798,6.517,42.01,3.00,0.61,69.02,1.63
default,42.00,4.00,1.808,7.873,42.02,4.00,0.61,68.87,2.98
default,42.00,5.00,1.821,9.225,42.01,5.00,0.61,68.73,4.32
default,42.00,6.00,1.833,10.564,42.04,6.00,0.61,68.59,5.64
default,42.00,7.00,1.847,11.896,42.05,7.00,0.62,68.44,6.96
default,42.00,8.00,1.867,13.221,42.04,8.00,0.62,68.30,8.28
default,42.00,9.00,1.894,14.541,42.00,9.00,0.62,68.15,9.59
default,42.00,10.00,1.916,15.839,42.01,10.00,0.63,68.01,10.88
default,44.00,-10.00,2.029,-10.269,44.06,-10.00,0.64,70.77,-15.27
default,44.00,-9.00,2.002,-9.038,44.02,-9.00,0.64,70.64,-14.04
default,44.00,-8.00,1.990,-7.779,44.02,-8.00,0.64,70.51,-12.79
default,44.00,-7.00,1.975,-6.515,44.01,-7.00,0.64,70.37,-11.54
default,44.00,-6.00,1.972,-5.231,44.04,-6.00,0.63,70.23,-10.26
default,44.00,-5.00,1.965,-3.946,44.05,-5.00,0.63,70.10,-8.99
default,44.00,-4.00,1.957,-2.658,44.04,-4.00,0.63,69.96,-7.71
default,44.00,-3.00,1.950,-1.368,44.00,-3.00,0.63,69.82,-6.43
default,44.00,-2.00,1.950,-0.066,44.01,-2.00,0.63,69.69,-5.14
default,44.00,-1.00,1.949,1.236,44.00,-1.00,0.63,69.55,-3.84
default,44.00,0.00,1.954,2.543,44.04,-0.00,0.63,69.41,-2.55
default,44.00,1.00,1.958,3.846,44.05,1.00,0.63,69.27,-1.26
default,44.00,2.00,1.964,5.148,44.04,2.00,0.63,69.12,0.03
default,44.00,3.00,1.973,6.448,44.01,3.00,0.64,68.98,1.33
default,44.00,4.00,1.983,7.744,44.03,4.00,0.64,68.84,2.61
default,44.00,5.00,1.996,9.035,44.02,5.00,0.64,68.70,3.89
default,44.00,6.00,2.008,10.315,44.06,6.00,0.64,68.55,5.16
default,44.00,7.00,2.030,11.598,44.00,7.00,0.64,68.41,6.43
default,44.00,8.00,2.042,12.856,44.06,8.00,0.65,68.27,7.67
default,44.00,9.00,2.067,14.118,44.03,9.00,0.65,68.12,8.93
default,44.00,10.00,2.087,15.360,44.05,10.00,0.66,67.97,10.16
default,46.00,-10.00,2.208,-9.614,46.06,-10.00,0.67,70.74,-14.84
default,46.00,-9.00,2.179,-8.435,46.01,-9.00,0.67,70.61,-13.67
default,46.00,-8.00,2.165,-7.229,46.00,-8.00,0.67,70.47,-12.47
default,46.00,-7.00,2.163,-6.002,46.05,-7.00,0.66,70.34,-11.26
default,46.00,-6.00,2.146,-4.790,46.00,-6.00,0.66,70.20,-10.05
default,46.00,-5.00,2.139,-3.559,46.01,-5.00,0.66,70.07,-8.83
default,46.00,-4.00,2.141,-2.314,46.06,-4.00,0.66,69.93,-7.60
default,46.00,-3.00,2.133,-1.080,46.02,-3.00,0.66,69.79,-6.37
default,46.00,-2.00,2.132,0.165,46.03,-2.00,0.66,69.65,-5.14
default,46.00,-1.00,2.132,1.410,46.01,-1.00,0.66,69.51,-3.90
default,46.00,0.00,2.137,2.659,46.05,-0.00,0.66,69.37,-2.67
default,46.00,1.00,2.141,3.907,46.06,1.00,0.66,69.23,-1.44
default,46.00,2.00,2.147,5.152,46.05,2.00,0.66,69.09,-0.20
default,46.00,3.00,2.156,6.396,46.02,3.00,0.66,68.95,1.04
default,46.00,4.00,2.167,7.636,46.03,4.00,0.67,68.81,2.26
default,46.00,5.00,2.180,8.872,46.03,5.00,0.67,68.67,3.49
default,46.00,6.00,2.192,10.098,46.07,6.00,0.67,68.52,4.70
default,46.00,7.00,2.214,11.327,46.02,7.00,0.67,68.38,5.92
default,46.00,8.00,2.234,12.543,46.01,8.00,0.68,68.24,7.13
default,46.00,9.00,2.249,13.742,46.06,9.00,0.68,68.09,8.31
default,46.00,10.00,2.280,14.947,46.01,10.00,0.68,67.94,9.51
default,48.00,-10.00,2.394,-9.004,48.06,-10.00,0.70,70.71,-14.46
default,48.00,-9.00,2.380,-7.853,48.07,-9.00,0.70,70.58,-13.32
default,48.00,-8.00,2.363,-6.698,48.05,-8.00,0.69,70.44,-12.18
default,48.00,-7.00,2.346,-5.539,48.02,-7.00,0.69,70.31,-11.02
default,48.00,-6.00,2.340,-4.361,48.04,-6.00,0.69,70.17,-9.86
default,48.00,-5.00,2.332,-3.181,48.03,-5.00,0.69,70.04,-8.69
default,48.00,-4.00,2.324,-2.000,48.01,-4.00,0.69,69.90,-7.52
default,48.00,-3.00,2.324,-0.807,48.03,-3.00,0.69,69.76,-6.34
default,48.00,-2.00,2.323,0.386,48.04,-2.00,0.69,69.62,-5.15
default,48.00,-1.00,2.323,1.579,48.02,-1.00,0.69,69.48,-3.97
default,48.00,0.00,2.328,2.776,48.05,-0.00,0.69,69.34,-2.79
default,48.00,1.00,2.333,3.972,48.06,1.00,0.69,69.20,-1.61
default,48.00,2.00,2.339,5.165,48.05,2.00,0.69,69.06,-0.42
default,48.00,3.00,2.348,6.358,48.02,3.00,0.69,68.92,0.76
default,48.00,4.00,2.359,7.547,48.04,4.00,0.70,68.78,1.94
default,48.00,5.00,2.373,8.733,48.03,5.00,0.70,68.64,3.11
default,48.00,6.00,2.390,9.915,48.00,6.00,0.70,68.49,4.29
default,48.00,7.00,2.406,11.088,48.03,7.00,0.70,68.35,5.44
default,48.00,8.00,2.426,12.255,48.03,8.00,0.71,68.20,6.60
default,48.00,9.00,2.451,13.417,48.01,9.00,0.71,68.06,7.75
default,48.00,10.00,2.470,14.564,48.04,10.00,0.71,67.91,8.88
default,50.00,-10.00,2.587,-8.433,50.05,-10.00,0.73,70.68,-14.12
default,50.00,-9.00,2.571,-7.327,50.05,-9.00,0.72,70.55,-13.02
default,50.00,-8.00,2.554,-6.216,50.03,-8.00,0.72,70.41,-11.92
default,50.00,-7.00,2.549,-5.087,50.06,-7.00,0.72,70.28,-10.81
default,50.00,-6.00,2.541,-3.957,50.07,-6.00,0.72,70.14,-9.69
default,50.00,-5.00,2.532,-2.825,50.06,-5.00,0.72,70.00,-8.57
default,50.00,-4.00,2.523,-1.692,50.03,-4.00,0.72,69.87,-7.44
default,50.00,-3.00,2.523,-0.547,50.05,-3.00,0.72,69.73,-6.31
default,50.00,-2.00,2.522,0.598,50.05,-2.00,0.72,69.59,-5.18
default,50.00,-1.00,2.522,1.743,50.03,-1.00,0.72,69.45,-4.04
default,50.00,0.00,2.527,2.893,50.05,-0.00,0.72,69.31,-2.91
default,50.00,1.00,2.532,4.041,50.06,1.00,0.72,69.17,-1.77
default,50.00,2.00,2.539,5.187,50.05,2.00,0.72,69.03,-0.64
default,50.00,3.00,2.549,6.332,50.02,3.00,0.72,68.89,0.50
default,50.00,4.00,2.560,7.475,50.04,4.00,0.72,68.75,1.63
default,50.00,5.00,2.574,8.614,50.03,5.00,0.73,68.60,2.76
default,50.00,6.00,2.592,9.750,50.01,6.00,0.73,68.46,3.88
default,50.00,7.00,2.608,10.877,50.04,7.00,0.73,68.32,4.99
default,50.00,8.00,2.627,11.999,50.04,8.00,0.73,68.17,6.10
default,50.00,9.00,2.651,13.117,50.03,9.00,0.74,68.03,7.21
default,50.00,10.00,2.671,14.220,50.06,10.00,0.74,67.88,8.30
default,52.00,-10.00,2.787,-7.897,52.04,-10.00,0.75,70.65,-13.81
default,52.00,-9.00,2.770,-6.832,52.03,-9.00,0.75,70.52,-12.76
default,52.00,-8.00,2.752,-5.763,52.00,-8.00,0.75,70.38,-11.70
default,52.00,-7.00,2.746,-4.677,52.02,-7.00,0.75,70.25,-10.62
default,52.00,-6.00,2.739,-3.589,52.02,-6.00,0.75,70.11,-9.55
default,52.00,-5.00,2.730,-2.499,52.01,-5.00,0.75,69.97,-8.47
default,52.00,-4.00,2.731,-1.398,52.04,-4.00,0.75,69.84,-7.38
default,52.00,-3.00,2.730,-0.297,52.06,-3.00,0.75,69.70,-6.30
default,52.00,-2.00,2.729,0.803,52.05,-2.00,0.75,69.56,-5.21
default,52.00,-1.00,2.729,1.904,52.03,-1.00,0.75,69.42,-4.12
default,52.00,0.00,2.734,3.010,52.06,-0.00,0.75,69.28,-3.03
default,52.00,1.00,2.740,4.114,52.06,1.00,0.75,69.14,-1.93
default,52.00,2.00,2.747,5.216,52.05,2.00,0.75,69.00,-0.84
default,52.00,3.00,2.757,6.318,52.02,3.00,0.75,68.86,0.25
default,52.00,4.00,2.769,7.417,52.04,4.00,0.75,68.72,1.33
default,52.00,5.00,2.784,8.513,52.03,5.00,0.76,68.57,2.42
default,52.00,6.00,2.801,9.607,52.01,6.00,0.76,68.43,3.50
default,52.00,7.00,2.818,10.692,52.04,7.00,0.76,68.29,4.57
default,52.00,8.00,2.837,11.773,52.05,8.00,0.76,68.14,5.64
default,52.00,9.00,2.861,12.849,52.04,9.00,0.77,68.00,6.70
default,52.00,10.00,2.890,13.922,52.01,10.00,0.77,67.85,7.76
default,54.00,-10.00,2.994,-7.392,54.03,-10.00,0.78,70.62,-13.54
default,54.00,-9.00,2.976,-6.365,54.01,-9.00,0.78,70.49,-12.52
default,54.00,-8.00,2.972,-5.320,54.04,-8.00,0.78,70.35,-11.49
default,54.00,-7.00,2.964,-4.274,54.05,-7.00,0.78,70.21,-10.46
default,54.00,-6.00,2.956,-3.227,54.05,-6.00,0.78,70.08,-9.42
default,54.00,-5.00,2.946,-2.178,54.03,-5.00,0.78,69.94,-8.38
default,54.00,-4.00,2.946,-1.118,54.06,-4.00,0.78,69.80,-7.34
default,54.00,-3.00,2.945,-0.058,54.07,-3.00,0.78,69.67,-6.29
default,54.00,-2.00,2.944,1.002,54.06,-2.00,0.78,69.53,-5.24
default,54.00,-1.00,2.944,2.062,54.03,-1.00,0.78,69.39,-4.19
default,54.00,0.00,2.950,3.127,54.06,-0.00,0.78,69.25,-3.14
default,54.00,1.00,2.956,4.190,54.06,1.00,0.78,69.11,-2.09
default,54.00,2.00,2.964,5.252,54.05,2.00,0.78,68.97,-1.04
default,54.00,3.00,2.974,6.313,54.02,3.00,0.78,68.83,0.01
default,54.00,4.00,2.987,7.372,54.03,4.00,0.78,68.68,1.05
default,54.00,5.00,3.002,8.429,54.03,5.00,0.78,68.54,2.09
default,54.00,6.00,3.020,9.483,54.01,6.00,0.79,68.40,3.14
default,54.00,7.00,3.037,10.529,54.04,7.00,0.79,68.26,4.17
default,54.00,8.00,3.057,11.571,54.06,8.00,0.79,68.11,5.19
default,54.00,9.00,3.080,12.610,54.05,9.00,0.80,67.97,6.22
default,54.00,10.00,3.109,13.645,54.02,10.00,0.80,67.82,7.24
default,56.00,-10.00,3.209,-6.914,56.01,-10.00,0.81,70.59,-13.29
default,56.00,-9.00,3.206,-5.907,56.05,-9.00,0.81,70.45,-12.30
default,56.00,-8.00,3.185,-4.914,56.00,-8.00,0.81,70.32,-11.31
default,56.00,-7.00,3.178,-3.905,56.01,-7.00,0.81,70.18,-10.32
default,56.00,-6.00,3.169,-2.894,56.00,-6.00,0.81,70.05,-9.32
default,56.00,-5.00,3.170,-1.871,56.04,-5.00,0.81,69.91,-8.31
default,56.00,-4.00,3.170,-0.849,56.07,-4.00,0.81,69.77,-7.31
default,56.00,-3.00,3.161,0.165,56.00,-3.00,0.80,69.64,-6.30
default,56.00,-2.00,3.168,1.195,56.06,-2.00,0.81,69.50,-5.29
default,56.00,-1.00,3.168,2.217,56.03,-1.00,0.81,69.36,-4.27
default,56.00,0.00,3.174,3.244,56.05,-0.00,0.81,69.22,-3.26
default,56.00,1.00,3.181,4.269,56.06,1.00,0.81,69.08,-2.25
default,56.00,2.00,3.189,5.294,56.04,2.00,0.81,68.94,-1.24
default,56.00,3.00,3.199,6.317,56.01,3.00,0.81,68.80,-0.22
default,56.00,4.00,3.213,7.339,56.03,4.00,0.81,68.65,0.78
default,56.00,5.00,3.228,8.359,56.03,5.00,0.81,68.51,1.79
default,56.00,6.00,3.247,9.376,56.01,6.00,0.82,68.37,2.79
default,56.00,7.00,3.264,10.386,56.04,7.00,0.82,68.22,3.79
default,56.00,8.00,3.285,11.393,56.06,8.00,0.82,68.08,4.78
default,56.00,9.00,3.308,12.396,56.05,9.00,0.82,67.94,5.77
default,56.00,10.00,3.336,13.396,56.03,10.00,0.83,67.79,6.75
default,58.00,-10.00,3.448,-6.445,58.06,-10.00,0.84,70.56,-13.06
default,58.00,-9.00,3.427,-5.488,58.02,-9.00,0.84,70.42,-12.11
default,58.00,-8.00,3.420,-4.515,58.04,-8.00,0.84,70.29,-11.15
default,58.00,-7.00,3.411,-3.541,58.04,-7.00,0.84,70.15,-10.19
default,58.00,-6.00,3.402,-2.565,58.02,-6.00,0.83,70.02,-9.22
default,58.00,-5.00,3.402,-1.578,58.06,-5.00,0.83,69.88,-8.25
default,58.00,-4.00,3.393,-0.600,58.01,-4.00,0.83,69.74,-7.28
default,58.00,-3.00,3.393,0.388,58.01,-3.00,0.83,69.60,-6.31
default,58.00,-2.00,3.399,1.382,58.06,-2.00,0.83,69.46,-5.34
default,58.00,-1.00,3.400,2.369,58.03,-1.00,0.83,69.33,-4.36
default,58.00,0.00,3.406,3.361,58.05,0.00,0.84,69.19,-3.38
default,58.00,1.00,3.413,4.351,58.05,1.00,0.84,69.05,-2.41
default,58.00,2.00,3.422,5.341,58.04,2.00,0.84,68.91,-1.43
default,58.00,3.00,3.433,6.329,58.00,3.00,0.84,68.76,-0.45
default,58.00,4.00,3.447,7.317,58.02,4.00,0.84,68.62,0.52
default,58.00,5.00,3.463,8.302,58.02,5.00,0.84,68.48,1.49
default,58.00,6.00,3.482,9.285,58.01,6.00,0.84,68.34,2.46
default,58.00,7.00,3.500,10.262,58.04,7.00,0.85,68.19,3.42
default,58.00,8.00,3.521,11.235,58.06,8.00,0.85,68.05,4.38
default,58.00,9.00,3.545,12.205,58.06,9.00,0.85,67.90,5.33
default,58.00,10.00,3.573,13.172,58.04,10.00,0.86,67.76,6.29
default,60.00,-10.00,3.677,-6.015,60.03,-10.00,0.87,70.53,-12.86
default,60.00,-9.00,3.671,-5.076,60.06,-9.00,0.87,70.39,-11.93
default,60.00,-8.00,3.662,-4.135,60.07,-8.00,0.87,70.26,-11.01
default,60.00,-7.00,3.653,-3.193,60.06,-7.00,0.86,70.12,-10.08
default,60.00,-6.00,3.642,-2.250,60.04,-6.00,0.86,69.98,-9.15
default,60.00,-5.00,3.632,-1.306,60.00,-5.00,0.86,69.85,-8.21
default,60.00,-4.00,3.632,-0.351,60.02,-4.00,0.86,69.71,-7.27
default,60.00,-3.00,3.632,0.604,60.01,-3.00,0.86,69.57,-6.33
default,60.00,-2.00,3.639,1.565,60.06,-2.00,0.86,69.43,-5.39
default,60.00,-1.00,3.639,2.519,60.03,-1.00,0.86,69.29,-4.44
default,60.00,0.00,3.646,3.478,60.05,-0.00,0.86,69.15,-3.50
default,60.00,1.00,3.654,4.435,60.05,1.00,0.87,69.01,-2.56
default,60.00,2.00,3.663,5.392,60.03,2.00,0.87,68.87,-1.61
default,60.00,3.00,3.676,6.349,60.06,3.00,0.87,68.73,-0.68
default,60.00,4.00,3.690,7.303,60.01,4.00,0.87,68.59,0.27
default,60.00,5.00,3.706,8.256,60.01,5.00,0.87,68.45,1.21
default,60.00,6.00,3.723,9.205,60.07,6.00,0.87,68.31,2.14
default,60.00,7.00,3.745,10.153,60.03,7.00,0.88,68.16,3.07
default,60.00,8.00,3.767,11.095,60.05,8.00,0.88,68.02,4.00
default,60.00,9.00,3.791,12.034,60.05,9.00,0.88,67.87,4.92
default,60.00,10.00,3.819,12.970,60.04,10.00,0.89,67.73,5.84
default,62.00,-10.00,3.923,-5.598,62.00,-9.99,0.90,70.50,-12.67
default,62.00,-9.00,3.908,-4.695,62.02,-9.00,0.89,70.36,-11.78
default,62.00,-8.00,3.899,-3.784,62.02,-8.00,0.89,70.23,-10.88
default,62.00,-7.00,3.889,-2.872,62.01,-7.00,0.89,70.09,-9.98
default,62.00,-6.00,3.891,-1.949,62.05,-6.00,0.89,69.95,-9.08
default,62.00,-5.00,3.880,-1.035,62.01,-5.00,0.89,69.82,-8.17
default,62.00,-4.00,3.880,-0.111,62.02,-4.00,0.89,69.68,-7.27
default,62.00,-3.00,3.880,0.813,62.02,-3.00,0.89,69.54,-6.36
default,62.00,-2.00,3.887,1.743,62.06,-2.00,0.89,69.40,-5.45
default,62.00,-1.00,3.888,2.667,62.03,-1.00,0.89,69.26,-4.53
default,62.00,0.00,3.895,3.595,62.04,-0.00,0.89,69.12,-3.62
default,62.00,1.00,3.903,4.522,62.04,1.00,0.89,68.98,-2.71
default,62.00,2.00,3.913,5.448,62.02,2.00,0.90,68.84,-1.79
default,62.00,3.00,3.927,6.375,62.05,3.00,0.90,68.70,-0.89
default,62.00,4.00,3.941,7.299,62.00,4.00,0.90,68.56,0.03
default,62.00,5.00,3.958,8.222,62.00,5.00,0.90,68.42,0.94
default,62.00,6.00,3.976,9.141,62.06,6.00,0.90,68.27,1.83
default,62.00,7.00,3.998,10.059,62.02,7.00,0.91,68.13,2.74
default,62.00,8.00,4.021,10.972,62.05,8.00,0.91,67.99,3.63
default,62.00,9.00,4.045,11.882,62.05,9.00,0.91,67.84,4.53
default,62.00,10.00,4.074,12.789,62.04,10.00,0.91,67.70,5.42
default,64.00,-10.00,4.175,-5.200,64.04,-10.00,0.92,70.47,-12.51
default,64.00,-9.00,4.167,-4.319,64.05,-9.00,0.92,70.33,-11.64
default,64.00,-8.00,4.157,-3.437,64.05,-8.00,0.92,70.20,-10.77
default,64.00,-7.00,4.146,-2.553,64.03,-7.00,0.92,70.06,-9.90
default,64.00,-6.00,4.147,-1.659,64.07,-6.00,0.92,69.92,-9.03
default,64.00,-5.00,4.136,-0.773,64.02,-5.00,0.92,69.79,-8.15
default,64.00,-4.00,4.136,0.122,64.03,-4.00,0.92,69.65,-7.27
default,64.00,-3.00,4.136,1.017,64.02,-3.00,0.92,69.51,-6.39
default,64.00,-2.00,4.143,1.918,64.06,-2.00,0.92,69.37,-5.51
default,64.00,-1.00,4.144,2.812,64.02,-1.00,0.92,69.23,-4.62
default,64.00,0.00,4.152,3.712,64.03,0.00,0.92,69.09,-3.74
default,64.00,1.00,4.161,4.610,64.03,1.00,0.92,68.95,-2.86
default,64.00,2.00,4.171,5.508,64.01,2.00,0.92,68.81,-1.97
default,64.00,3.00,4.186,6.406,64.04,3.00,0.93,68.67,-1.09
default,64.00,4.00,4.201,7.302,64.06,4.00,0.93,68.53,-0.21
default,64.00,5.00,4.218,8.196,64.06,5.00,0.93,68.39,0.66
default,64.00,6.00,4.237,9.088,64.04,6.00,0.93,68.24,1.54
default,64.00,7.00,4.260,9.979,64.01,7.00,0.93,68.10,2.42
default,64.00,8.00,4.283,10.864,64.04,8.00,0.94,67.96,3.29
default,64.00,9.00,4.309,11.747,64.04,9.00,0.94,67.81,4.15
default,64.00,10.00,4.338,12.627,64.03,10.00,0.94,67.67,5.02
default,66.00,-10.00,4.428,-4.826,66.00,-10.00,0.95,70.44,-12.36
default,66.00,-9.00,4.419,-3.971,66.01,-9.00,0.95,70.30,-11.52
default,66.00,-8.00,4.414,-3.110,66.00,-8.00,0.95,70.16,-10.67
default,66.00,-7.00,4.411,-2.246,66.05,-7.00,0.95,70.03,-9.83
default,66.00,-6.00,4.400,-1.389,66.01,-6.00,0.95,69.89,-8.98
default,66.00,-5.00,4.400,-0.521,66.03,-5.00,0.95,69.75,-8.13
default,66.00,-4.00,4.400,0.347,66.03,-4.00,0.95,69.62,-7.28
default,66.00,-3.00,4.400,1.215,66.02,-3.00,0.95,69.48,-6.43
default,66.00,-2.00,4.407,2.089,66.06,-2.00,0.95,69.34,-5.57
default,66.00,-1.00,4.409,2.957,66.01,-1.00,0.95,69.20,-4.71
default,66.00,0.00,4.417,3.829,66.02,0.00,0.95,69.06,-3.86
default,66.00,1.00,4.427,4.700,66.02,1.00,0.95,68.92,-3.00
default,66.00,2.00,4.440,5.573,66.06,2.00,0.95,68.78,-2.15
default,66.00,3.00,4.453,6.443,66.03,3.00,0.96,68.64,-1.29
default,66.00,4.00,4.469,7.312,66.04,4.00,0.96,68.50,-0.44
default,66.00,5.00,4.487,8.180,66.04,5.00,0.96,68.36,0.41
default,66.00,6.00,4.507,9.046,66.03,6.00,0.96,68.21,1.26
default,66.00,7.00,4.531,9.910,66.00,7.00,0.96,68.07,2.11
default,66.00,8.00,4.554,10.770,66.02,8.00,0.97,67.93,2.95
default,66.00,9.00,4.581,11.627,66.03,9.00,0.97,67.78,3.79
default,66.00,10.00,4.610,12.482,66.02,10.00,0.97,67.64,4.63
default,68.00,-10.00,4.703,-4.454,68.03,-10.00,0.98,70.40,-12.23
default,68.00,-9.00,4.693,-3.624,68.03,-9.00,0.98,70.27,-11.41
default,68.00,-8.00,4.683,-2.793,68.02,-8.00,0.98,70.13,-10.59
default,68.00,-7.00,4.684,-1.951,68.06,-7.00,0.98,70.00,-9.77
default,68.00,-6.00,4.673,-1.118,68.02,-6.00,0.98,69.86,-8.95
default,68.00,-5.00,4.672,-0.276,68.03,-5.00,0.98,69.72,-8.12
default,68.00,-4.00,4.672,0.566,68.03,-4.00,0.98,69.59,-7.30
default,68.00,-3.00,4.672,1.408,68.01,-3.00,0.98,69.45,-6.47
default,68.00,-2.00,4.680,2.257,68.05,-2.00,0.98,69.31,-5.64
default,68.00,-1.00,4.682,3.099,68.00,-1.00,0.98,69.17,-4.81
default,68.00,0.00,4.691,3.946,68.01,0.00,0.98,69.03,-3.98
default,68.00,1.00,4.701,4.792,68.00,1.00,0.98,68.89,-3.15
default,68.00,2.00,4.715,5.640,68.05,2.00,0.98,68.75,-2.32
default,68.00,3.00,4.728,6.484,68.01,3.00,0.98,68.61,-1.49
default,68.00,4.00,4.745,7.329,68.03,4.00,0.99,68.47,-0.66
default,68.00,5.00,4.764,8.171,68.03,5.00,0.99,68.32,0.16
default,68.00,6.00,4.785,9.012,68.01,6.00,0.99,68.18,0.99
default,68.00,7.00,4.807,9.850,68.05,7.00,0.99,68.04,1.80
default,68.00,8.00,4.834,10.688,68.01,8.00,1.00,67.89,2.63
default,68.00,9.00,4.861,11.521,68.02,9.00,1.00,67.75,3.44
default,68.00,10.00,4.891,12.352,68.01,10.00,1.00,67.61,4.26
default,70.00,-10.00,4.986,-4.097,70.06,-10.00,1.01,70.37,-12.10
default,70.00,-9.00,4.975,-3.291,70.05,-9.00,1.01,70.24,-11.31
default,70.00,-8.00,4.964,-2.484,70.03,-8.00,1.01,70.10,-10.52
default,70.00,-7.00,4.953,-1.675,70.00,-7.00,1.01,69.97,-9.72
default,70.00,-6.00,4.953,-0.857,70.02,-6.00,1.01,69.83,-8.92
default,70.00,-5.00,4.953,-0.039,70.03,-5.00,1.01,69.69,-8.12
default,70.00,-4.00,4.952,0.779,70.03,-4.00,1.01,69.55,-7.32
default,70.00,-3.00,4.952,1.598,70.01,-3.00,1.01,69.42,-6.52
default,70.00,-2.00,4.961,2.422,70.04,-2.00,1.01,69.28,-5.71
default,70.00,-1.00,4.969,3.245,70.06,-1.00,1.01,69.14,-4.91
default,70.00,0.00,4.977,4.067,70.06,0.00,1.01,69.00,-4.10
default,70.00,1.00,4.987,4.889,70.06,1.00,1.01,68.86,-3.30
default,70.00,2.00,4.999,5.710,70.03,2.00,1.01,68.72,-2.49
default,70.00,3.00,5.015,6.532,70.06,3.00,1.01,68.58,-1.69
default,70.00,4.00,5.030,7.351,70.01,4.00,1.01,68.44,-0.88
default,70.00,5.00,5.050,8.170,70.01,5.00,1.02,68.29,-0.08
default,70.00,6.00,5.071,8.987,70.06,6.00,1.02,68.15,0.72
default,70.00,7.00,5.095,9.803,70.03,7.00,1.02,68.01,1.52
default,70.00,8.00,5.120,10.615,70.06,8.00,1.02,67.86,2.31
default,70.00,9.00,5.151,11.428,70.00,9.00,1.03,67.72,3.11
default,70.00,10.00,5.177,12.233,70.07,10.00,1.03,67.57,3.89
default,72.00,-10.00,5.262,-3.765,72.01,-10.00,1.04,70.34,-12.00
default,72.00,-9.00,5.251,-2.981,72.00,-9.00,1.04,70.21,-11.23
default,72.00,-8.00,5.253,-2.185,72.05,-8.00,1.04,70.07,-10.46
default,72.00,-7.00,5.241,-1.399,72.01,-7.00,1.04,69.94,-9.68
default,72.00,-6.00,5.241,-0.604,72.03,-6.00,1.04,69.80,-8.91
default,72.00,-5.00,5.241,0.192,72.03,-5.00,1.04,69.66,-8.13
default,72.00,-4.00,5.241,0.987,72.02,-4.00,1.04,69.52,-7.35
default,72.00,-3.00,5.249,1.789,72.07,-3.00,1.04,69.38,-6.57
default,72.00,-2.00,5.250,2.584,72.03,-2.00,1.04,69.25,-5.79
default,72.00,-1.00,5.258,3.385,72.05,-1.00,1.04,69.11,-5.00
default,72.00,0.00,5.268,4.184,72.05,-0.00,1.04,68.97,-4.22
default,72.00,1.00,5.278,4.983,72.04,1.00,1.04,68.83,-3.44
default,72.00,2.00,5.290,5.782,72.01,2.00,1.04,68.69,-2.66
default,72.00,3.00,5.307,6.582,72.04,3.00,1.04,68.55,-1.88
default,72.00,4.00,5.325,7.380,72.06,4.00,1.04,68.40,-1.10
default,72.00,5.00,5.345,8.176,72.06,5.00,1.05,68.26,-0.32
default,72.00,6.00,5.367,8.971,72.04,6.00,1.05,68.12,0.46
default,72.00,7.00,5.391,9.765,72.01,7.00,1.05,67.98,1.24
default,72.00,8.00,5.417,10.556,72.04,8.00,1.05,67.83,2.01
default,72.00,9.00,5.445,11.344,72.05,9.00,1.06,67.69,2.78
default,72.00,10.00,5.476,12.131,72.05,10.00,1.06,67.54,3.54
default,74.00,-10.00,5.560,-3.434,74.04,-10.00,1.07,70.31,-11.91
default,74.00,-9.00,5.549,-2.670,74.02,-9.00,1.07,70.18,-11.16
default,74.00,-8.00,5.550,-1.896,74.06,-8.00,1.07,70.04,-10.41
default,74.00,-7.00,5.538,-1.132,74.02,-7.00,1.06,69.90,-9.65
default,74.00,-6.00,5.538,-0.358,74.03,-6.00,1.06,69.77,-8.90
default,74.00,-5.00,5.537,0.416,74.03,-5.00,1.06,69.63,-8.14
default,74.00,-4.00,5.537,1.190,74.02,-4.00,1.06,69.49,-7.38
default,74.00,-3.00,5.546,1.970,74.06,-3.00,1.07,69.35,-6.62
default,74.00,-2.00,5.547,2.744,74.02,-2.00,1.07,69.22,-5.86
default,74.00,-1.00,5.556,3.523,74.03,-1.00,1.07,69.08,-5.10
default,74.00,0.00,5.566,4.302,74.03,-0.00,1.07,68.94,-4.34
default,74.00,1.00,5.577,5.079,74.02,1.00,1.07,68.80,-3.58
default,74.00,2.00,5.594,5.859,74.06,2.00,1.07,68.66,-2.82
default,74.00,3.00,5.608,6.635,74.02,3.00,1.07,68.52,-2.06
default,74.00,4.00,5.627,7.412,74.03,4.00,1.07,68.37,-1.30
default,74.00,5.00,5.648,8.188,74.03,5.00,1.08,68.23,-0.55
default,74.00,6.00,5.670,8.962,74.02,6.00,1.08,68.09,0.21
default,74.00,7.00,5.695,9.734,74.06,7.00,1.08,67.94,0.96
default,74.00,8.00,5.723,10.506,74.02,8.00,1.08,67.80,1.72
default,74.00,9.00,5.752,11.274,74.03,9.00,1.09,67.66,2.47
default,74.00,10.00,5.783,12.040,74.03,10.00,1.09,67.51,3.21
default,76.00,-10.00,5.866,-3.113,76.05,-10.00,1.10,70.28,-11.82
default,76.00,-9.00,5.854,-2.370,76.03,-9.00,1.09,70.15,-11.09
default,76.00,-8.00,5.855,-1.617,76.07,-8.00,1.09,70.01,-10.36
default,76.00,-7.00,5.842,-0.873,76.02,-7.00,1.09,69.87,-9.63
default,76.00,-6.00,5.842,-0.119,76.03,-6.00,1.09,69.74,-8.89
default,76.00,-5.00,5.842,0.635,76.03,-5.00,1.09,69.60,-8.16
default,76.00,-4.00,5.842,1.388,76.01,-4.00,1.09,69.46,-7.42
default,76.00,-3.00,5.851,2.148,76.05,-3.00,1.09,69.32,-6.68
default,76.00,-2.00,5.853,2.902,76.00,-2.00,1.09,69.19,-5.94
default,76.00,-1.00,5.863,3.661,76.02,-1.00,1.10,69.05,-5.20
default,76.00,0.00,5.873,4.419,76.01,0.00,1.10,68.91,-4.46
default,76.00,1.00,5.890,5.180,76.07,1.00,1.10,68.77,-3.73
default,76.00,2.00,5.902,5.936,76.04,2.00,1.10,68.62,-2.98
default,76.00,3.00,5.920,6.694,76.06,3.00,1.10,68.48,-2.25
default,76.00,4.00,5.937,7.450,76.01,4.00,1.10,68.34,-1.50
default,76.00,5.00,5.959,8.205,76.01,5.00,1.10,68.20,-0.77
default,76.00,6.00,5.983,8.960,76.06,6.00,1.11,68.06,-0.04
default,76.00,7.00,6.008,9.713,76.03,7.00,1.11,67.91,0.70
default,76.00,8.00,6.035,10.463,76.06,8.00,1.11,67.77,1.43
default,76.00,9.00,6.067,11.214,76.01,9.00,1.11,67.63,2.16
default,76.00,10.00,6.100,11.961,76.01,10.00,1.12,67.48,2.89
default,78.00,-10.00,6.166,-2.814,78.00,-10.00,1.12,70.25,-11.75
default,78.00,-9.00,6.167,-2.080,78.04,-9.00,1.12,70.11,-11.04
default,78.00,-8.00,6.155,-1.355,78.01,-8.00,1.12,69.98,-10.33
default,78.00,-7.00,6.155,-0.621,78.02,-7.00,1.12,69.84,-9.61
default,78.00,-6.00,6.155,0.114,78.03,-6.00,1.12,69.71,-8.90
default,78.00,-5.00,6.155,0.848,78.02,-5.00,1.12,69.57,-8.18
default,78.00,-4.00,6.164,1.589,78.07,-4.00,1.12,69.43,-7.46
default,78.00,-3.00,6.164,2.323,78.03,-3.00,1.12,69.29,-6.74
default,78.00,-2.00,6.174,3.063,78.06,-2.00,1.12,69.15,-6.03
default,78.00,-1.00,6.183,3.802,78.07,-1.00,1.13,69.01,-5.31
default,78.00,0.00,6.194,4.540,78.06,0.00,1.13,68.87,-4.59
default,78.00,1.00,6.206,5.278,78.04,1.00,1.13,68.73,-3.86
default,78.00,2.00,6.219,6.015,78.01,2.00,1.13,68.59,-3.14
default,78.00,3.00,6.238,6.755,78.04,3.00,1.13,68.45,-2.43
default,78.00,4.00,6.258,7.492,78.05,4.00,1.13,68.31,-1.71
default,78.00,5.00,6.280,8.229,78.05,5.00,1.13,68.17,-0.99
default,78.00,6.00,6.304,8.964,78.03,6.00,1.14,68.03,-0.27
default,78.00,7.00,6.330,9.698,78.01,7.00,1.14,67.88,0.44
default,78.00,8.00,6.359,10.431,78.03,8.00,1.14,67.74,1.15
default,78.00,9.00,6.389,11.161,78.05,9.00,1.14,67.60,1.86
default,78.00,10.00,6.422,11.889,78.05,10.00,1.15,67.45,2.57
default,80.00,-10.00,6.487,-2.514,80.02,-10.00,1.15,70.22,-11.69
default,80.00,-9.00,6.488,-1.798,80.05,-9.00,1.15,70.08,-11.00
default,80.00,-8.00,6.476,-1.092,80.01,-8.00,1.15,69.95,-10.30
default,80.00,-7.00,6.476,-0.375,80.02,-7.00,1.15,69.81,-9.61
default,80.00,-6.00,6.476,0.341,80.02,-6.00,1.15,69.67,-8.91
default,80.00,-5.00,6.475,1.057,80.01,-5.00,1.15,69.54,-8.21
default,80.00,-4.00,6.485,1.779,80.06,-4.00,1.15,69.40,-7.51
default,80.00,-3.00,6.486,2.495,80.02,-3.00,1.15,69.26,-6.81
default,80.00,-2.00,6.496,3.217,80.04,-2.00,1.15,69.12,-6.11
default,80.00,-1.00,6.506,3.937,80.05,-1.00,1.15,68.98,-5.41
default,80.00,0.00,6.518,4.658,80.04,-0.00,1.16,68.84,-4.71
default,80.00,1.00,6.530,5.377,80.02,1.00,1.16,68.70,-4.00
default,80.00,2.00,6.549,6.099,80.06,2.00,1.16,68.56,-3.31
default,80.00,3.00,6.565,6.818,80.01,3.00,1.16,68.42,-2.60
default,80.00,4.00,6.586,7.538,80.02,4.00,1.16,68.28,-1.90
default,80.00,5.00,6.609,8.256,80.02,5.00,1.16,68.14,-1.20
default,80.00,6.00,6.633,8.974,80.00,6.00,1.17,68.00,-0.50
default,80.00,7.00,6.661,9.690,80.04,7.00,1.17,67.85,0.19
default,80.00,8.00,6.690,10.405,80.00,8.00,1.17,67.71,0.89
default,80.00,9.00,6.722,11.118,80.02,9.00,1.17,67.56,1.58
default,80.00,10.00,6.756,11.829,80.02,10.00,1.18,67.42,2.27
default,82.00,-10.00,6.817,-2.223,82.03,-10.00,1.18,70.19,-11.64
default,82.00,-9.00,6.818,-1.525,82.06,-9.00,1.18,70.05,-10.96
default,82.00,-8.00,6.805,-0.835,82.01,-8.00,1.18,69.92,-10.28
default,82.00,-7.00,6.805,-0.136,82.02,-7.00,1.18,69.78,-9.60
default,82.00,-6.00,6.804,0.562,82.02,-6.00,1.18,69.64,-8.92
default,82.00,-5.00,6.805,1.261,82.00,-5.00,1.18,69.51,-8.24
default,82.00,-4.00,6.815,1.966,82.04,-4.00,1.18,69.37,-7.56
default,82.00,-3.00,6.816,2.665,82.00,-3.00,1.18,69.23,-6.88
default,82.00,-2.00,6.827,3.369,82.02,-2.00,1.18,69.09,-6.19
default,82.00,-1.00,6.838,4.072,82.02,-1.00,1.18,68.95,-5.51
default,82.00,0.00,6.850,4.775,82.01,0.00,1.18,68.81,-4.83
default,82.00,1.00,6.868,5.481,82.06,1.00,1.19,68.67,-4.15
default,82.00,2.00,6.883,6.182,82.03,2.00,1.19,68.53,-3.46
default,82.00,3.00,6.903,6.886,82.05,3.00,1.19,68.39,-2.78
default,82.00,4.00,6.924,7.588,82.06,4.00,1.19,68.25,-2.10
default,82.00,5.00,6.947,8.289,82.06,5.00,1.19,68.11,-1.42
default,82.00,6.00,6.972,8.990,82.04,6.00,1.20,67.96,-0.74
default,82.00,7.00,7.000,9.689,82.01,7.00,1.20,67.82,-0.05
default,82.00,8.00,7.030,10.387,82.04,8.00,1.20,67.68,0.62
default,82.00,9.00,7.062,11.082,82.05,9.00,1.20,67.53,1.29
default,82.00,10.00,7.096,11.777,82.05,10.00,1.21,67.39,1.96
default,84.00,-10.00,7.154,-1.940,84.04,-10.00,1.21,70.16,-11.59
default,84.00,-9.00,7.155,-1.258,84.06,-9.00,1.21,70.02,-10.93
default,84.00,-8.00,7.142,-0.585,84.01,-8.00,1.21,69.89,-10.27
default,84.00,-7.00,7.142,0.097,84.02,-7.00,1.21,69.75,-9.61
default,84.00,-6.00,7.142,0.779,84.01,-6.00,1.21,69.61,-8.94
default,84.00,-5.00,7.152,1.468,84.06,-5.00,1.21,69.48,-8.28
default,84.00,-4.00,7.153,2.149,84.03,-4.00,1.21,69.34,-7.61
default,84.00,-3.00,7.163,2.837,84.05,-3.00,1.21,69.20,-6.95
default,84.00,-2.00,7.173,3.524,84.07,-2.00,1.21,69.06,-6.28
default,84.00,-1.00,7.184,4.211,84.07,-1.00,1.21,68.92,-5.62
default,84.00,0.00,7.196,4.896,84.06,-0.00,1.21,68.78,-4.95
default,84.00,1.00,7.210,5.582,84.03,1.00,1.22,68.64,-4.28
default,84.00,2.00,7.229,6.270,84.07,2.00,1.22,68.50,-3.62
default,84.00,3.00,7.246,6.955,84.02,3.00,1.22,68.36,-2.95
default,84.00,4.00,7.269,7.641,84.03,4.00,1.22,68.22,-2.29
default,84.00,5.00,7.293,8.326,84.02,5.00,1.22,68.08,-1.62
default,84.00,6.00,7.319,9.010,84.01,6.00,1.22,67.93,-0.96
default,84.00,7.00,7.348,9.693,84.04,7.00,1.23,67.79,-0.30
default,84.00,8.00,7.379,10.375,84.00,8.00,1.23,67.65,0.37
default,84.00,9.00,7.412,11.055,84.02,9.00,1.23,67.50,1.02
default,84.00,10.00,7.447,11.734,84.02,10.00,1.24,67.36,1.68
default,86.00,-10.00,7.500,-1.665,86.04,-10.00,1.24,70.13,-11.55
default,86.00,-9.00,7.500,-0.999,86.06,-9.00,1.24,69.99,-10.91
default,86.00,-8.00,7.487,-0.342,86.01,-8.00,1.24,69.86,-10.26
default,86.00,-7.00,7.487,0.324,86.01,-7.00,1.24,69.72,-9.62
default,86.00,-6.00,7.498,0.998,86.07,-6.00,1.24,69.58,-8.97
default,86.00,-5.00,7.498,1.664,86.04,-5.00,1.24,69.44,-8.32
default,86.00,-4.00,7.499,2.330,86.01,-4.00,1.24,69.31,-7.67
default,86.00,-3.00,7.509,3.002,86.03,-3.00,1.24,69.17,-7.02
default,86.00,-2.00,7.521,3.673,86.04,-2.00,1.24,69.03,-6.37
default,86.00,-1.00,7.532,4.344,86.04,-1.00,1.24,68.89,-5.72
default,86.00,0.00,7.545,5.014,86.03,-0.00,1.24,68.75,-5.07
default,86.00,1.00,7.559,5.684,86.00,1.00,1.24,68.61,-4.42
default,86.00,2.00,7.580,6.356,86.03,2.00,1.25,68.47,-3.77
default,86.00,3.00,7.602,7.028,86.05,3.00,1.25,68.33,-3.12
default,86.00,4.00,7.625,7.698,86.06,4.00,1.25,68.19,-2.48
default,86.00,5.00,7.649,8.367,86.05,5.00,1.25,68.05,-1.83
default,86.00,6.00,7.676,9.035,86.04,6.00,1.25,67.90,-1.18
default,86.00,7.00,7.705,9.703,86.01,7.00,1.26,67.76,-0.53
default,86.00,8.00,7.736,10.369,86.03,8.00,1.26,67.62,0.11
default,86.00,9.00,7.770,11.034,86.05,9.00,1.26,67.47,0.75
default,86.00,10.00,7.806,11.697,86.05,10.00,1.27,67.33,1.39
default,88.00,-10.00,7.853,-1.397,88.04,-10.00,1.27,70.10,-11.52
default,88.00,-9.00,7.853,-0.747,88.06,-9.00,1.27,69.96,-10.89
default,88.00,-8.00,7.840,-0.104,88.00,-8.00,1.27,69.83,-10.26
default,88.00,-7.00,7.852,0.555,88.07,-7.00,1.27,69.69,-9.63
default,88.00,-6.00,7.851,1.205,88.05,-6.00,1.27,69.55,-9.00
default,88.00,-5.00,7.852,1.856,88.03,-5.00,1.27,69.41,-8.37
default,88.00,-4.00,7.862,2.513,88.06,-4.00,1.27,69.28,-7.73
default,88.00,-3.00,7.864,3.164,88.01,-3.00,1.27,69.14,-7.10
default,88.00,-2.00,7.876,3.820,88.02,-2.00,1.27,69.00,-6.46
default,88.00,-1.00,7.889,4.476,88.01,-1.00,1.27,68.86,-5.83
default,88.00,0.00,7.909,5.135,88.06,0.00,1.27,68.72,-5.20
default,88.00,1.00,7.923,5.790,88.04,1.00,1.27,68.58,-4.56
default,88.00,2.00,7.944,6.447,88.07,2.00,1.28,68.44,-3.93
default,88.00,3.00,7.962,7.101,88.02,3.00,1.28,68.30,-3.29
default,88.00,4.00,7.986,7.756,88.02,4.00,1.28,68.16,-2.66
default,88.00,5.00,8.012,8.411,88.02,5.00,1.28,68.01,-2.02
default,88.00,6.00,8.041,9.066,88.07,6.00,1.28,67.87,-1.40
default,88.00,7.00,8.071,9.718,88.04,7.00,1.29,67.73,-0.76
default,88.00,8.00,8.103,10.370,88.06,8.00,1.29,67.59,-0.14
default,88.00,9.00,8.138,11.020,88.01,9.00,1.29,67.44,0.50
default,88.00,10.00,8.175,11.669,88.01,10.00,1.29,67.30,1.12
default,90.00,-10.00,8.215,-1.136,90.04,-10.00,1.30,70.07,-11.50
default,90.00,-9.00,8.214,-0.500,90.06,-9.00,1.30,69.93,-10.88
default,90.00,-8.00,8.214,0.136,90.06,-8.00,1.30,69.79,-10.27
default,90.00,-7.00,8.213,0.772,90.06,-7.00,1.30,69.66,-9.65
default,90.00,-6.00,8.213,1.409,90.04,-6.00,1.30,69.52,-9.03
default,90.00,-5.00,8.214,2.045,90.01,-5.00,1.30,69.38,-8.41
default,90.00,-4.00,8.225,2.688,90.04,-4.00,1.30,69.25,-7.80
default,90.00,-3.00,8.236,3.330,90.05,-3.00,1.30,69.11,-7.18
default,90.00,-2.00,8.248,3.971,90.06,-2.00,1.30,68.97,-6.56
default,90.00,-1.00,8.261,4.612,90.05,-1.00,1.30,68.83,-5.94
default,90.00,0.00,8.275,5.253,90.03,0.00,1.30,68.69,-5.32
default,90.00,1.00,8.290,5.893,90.00,1.00,1.30,68.55,-4.69
default,90.00,2.00,8.312,6.536,90.03,2.00,1.31,68.41,-4.08
default,90.00,3.00,8.335,7.179,90.05,3.00,1.31,68.27,-3.46
default,90.00,4.00,8.360,7.820,90.05,4.00,1.31,68.13,-2.84
default,90.00,5.00,8.386,8.460,90.04,5.00,1.31,67.98,-2.22
default,90.00,6.00,8.414,9.099,90.02,6.00,1.31,67.84,-1.60
default,90.00,7.00,8.446,9.738,90.06,7.00,1.32,67.70,-0.99
default,90.00,8.00,8.478,10.375,90.02,8.00,1.32,67.56,-0.37
default,90.00,9.00,8.514,11.012,90.03,9.00,1.32,67.41,0.24
default,90.00,10.00,8.551,11.647,90.04,10.00,1.32,67.27,0.85
default,92.00,-10.00,8.584,-0.882,92.04,-10.00,1.33,70.04,-11.48
default,92.00,-9.00,8.584,-0.259,92.05,-9.00,1.33,69.90,-10.88
default,92.00,-8.00,8.583,0.363,92.05,-8.00,1.33,69.76,-10.28
default,92.00,-7.00,8.583,0.986,92.04,-7.00,1.33,69.63,-9.67
default,92.00,-6.00,8.583,1.608,92.02,-6.00,1.33,69.49,-9.07
default,92.00,-5.00,8.595,2.237,92.06,-5.00,1.33,69.35,-8.47
default,92.00,-4.00,8.596,2.860,92.01,-4.00,1.33,69.21,-7.86
default,92.00,-3.00,8.608,3.488,92.02,-3.00,1.33,69.08,-7.26
default,92.00,-2.00,8.621,4.116,92.03,-2.00,1.33,68.94,-6.65
default,92.00,-1.00,8.634,4.744,92.02,-1.00,1.33,68.80,-6.04
default,92.00,0.00,8.655,5.375,92.07,0.00,1.33,68.66,-5.44
default,92.00,1.00,8.671,6.001,92.03,1.00,1.33,68.52,-4.83
default,92.00,2.00,8.694,6.630,92.06,2.00,1.34,68.38,-4.23
default,92.00,3.00,8.713,7.256,92.01,3.00,1.34,68.24,-3.62
default,92.00,4.00,8.739,7.883,92.01,4.00,1.34,68.10,-3.02
default,92.00,5.00,8.766,8.510,92.00,5.00,1.34,67.95,-2.41
default,92.00,6.00,8.797,9.137,92.05,6.00,1.34,67.81,-1.81
default,92.00,7.00,8.828,9.762,92.02,7.00,1.35,67.67,-1.21
default,92.00,8.00,8.863,10.386,92.04,8.00,1.35,67.52,-0.61
default,92.00,9.00,8.899,11.010,92.06,9.00,1.35,67.38,-0.01
default,92.00,10.00,8.937,11.631,92.06,10.00,1.35,67.24,0.58
default,94.00,-10.00,8.962,-0.633,94.04,-10.00,1.36,70.00,-11.47
default,94.00,-9.00,8.961,-0.024,94.04,-9.00,1.36,69.87,-10.88
default,94.00,-8.00,8.961,0.586,94.04,-8.00,1.36,69.73,-10.29
default,94.00,-7.00,8.961,1.195,94.03,-7.00,1.36,69.60,-9.70
default,94.00,-6.00,8.962,1.805,94.00,-6.00,1.36,69.46,-9.11
default,94.00,-5.00,8.973,2.420,94.03,-5.00,1.36,69.32,-8.52
default,94.00,-4.00,8.985,3.036,94.05,-4.00,1.36,69.18,-7.93
default,94.00,-3.00,8.997,3.651,94.06,-3.00,1.36,69.04,-7.34
default,94.00,-2.00,9.010,4.265,94.06,-2.00,1.36,68.91,-6.75
default,94.00,-1.00,9.023,4.879,94.05,-1.00,1.36,68.77,-6.16
default,94.00,0.00,9.038,5.492,94.03,-0.00,1.36,68.63,-5.56
default,94.00,1.00,9.061,6.109,94.06,1.00,1.36,68.49,-4.97
default,94.00,2.00,9.079,6.722,94.02,2.00,1.36,68.35,-4.38
default,94.00,3.00,9.104,7.337,94.03,3.00,1.37,68.21,-3.79
default,94.00,4.00,9.130,7.951,94.03,4.00,1.37,68.06,-3.20
default,94.00,5.00,9.157,8.565,94.02,5.00,1.37,67.92,-2.61
default,94.00,6.00,9.187,9.178,94.00,6.00,1.37,67.78,-2.01
default,94.00,7.00,9.221,9.791,94.04,7.00,1.38,67.64,-1.43
default,94.00,8.00,9.256,10.402,94.06,8.00,1.38,67.49,-0.85
default,94.00,9.00,9.293,11.012,94.01,9.00,1.38,67.35,-0.25
default,94.00,10.00,9.333,11.622,94.01,10.00,1.38,67.21,0.33
default,96.00,-10.00,9.347,-0.389,96.03,-10.00,1.38,69.97,-11.46
default,96.00,-9.00,9.347,0.207,96.03,-9.00,1.38,69.84,-10.89
default,96.00,-8.00,9.347,0.804,96.03,-8.00,1.38,69.70,-10.31
default,96.00,-7.00,9.347,1.401,96.01,-7.00,1.38,69.57,-9.73
default,96.00,-6.00,9.359,2.004,96.05,-6.00,1.39,69.43,-9.16
default,96.00,-5.00,9.361,2.601,96.01,-5.00,1.39,69.29,-8.58
default,96.00,-4.00,9.373,3.203,96.02,-4.00,1.39,69.15,-8.00
default,96.00,-3.00,9.386,3.806,96.03,-3.00,1.39,69.01,-7.42
default,96.00,-2.00,9.399,4.407,96.03,-2.00,1.39,68.88,-6.84
default,96.00,-1.00,9.414,5.009,96.01,-1.00,1.39,68.74,-6.26
default,96.00,0.00,9.437,5.614,96.06,-0.00,1.39,68.60,-5.69
default,96.00,1.00,9.453,6.214,96.02,1.00,1.39,68.46,-5.11
default,96.00,2.00,9.478,6.818,96.04,2.00,1.39,68.32,-4.53
default,96.00,3.00,9.503,7.420,96.05,3.00,1.40,68.17,-3.95
default,96.00,4.00,9.530,8.022,96.05,4.00,1.40,68.03,-3.37
default,96.00,5.00,9.558,8.623,96.04,5.00,1.40,67.89,-2.80
default,96.00,6.00,9.588,9.223,96.02,6.00,1.40,67.75,-2.22
default,96.00,7.00,9.623,9.824,96.06,7.00,1.41,67.61,-1.65
default,96.00,8.00,9.658,10.422,96.01,8.00,1.41,67.46,-1.07
default,96.00,9.00,9.696,11.021,96.03,9.00,1.41,67.32,-0.50
default,96.00,10.00,9.737,11.618,96.03,10.00,1.41,67.17,0.08
default,98.00,-10.00,9.741,-0.151,98.02,-10.00,1.41,69.94,-11.46
default,98.00,-9.00,9.741,0.433,98.02,-9.00,1.41,69.81,-10.90
default,98.00,-8.00,9.741,1.018,98.01,-8.00,1.41,69.67,-10.34
default,98.00,-7.00,9.754,1.609,98.05,-7.00,1.41,69.53,-9.77
default,98.00,-6.00,9.754,2.194,98.02,-6.00,1.41,69.40,-9.21
default,98.00,-5.00,9.767,2.785,98.05,-5.00,1.42,69.26,-8.64
default,98.00,-4.00,9.779,3.375,98.06,-4.00,1.42,69.12,-8.08
default,98.00,-3.00,9.792,3.965,98.07,-3.00,1.42,68.98,-7.51
default,98.00,-2.00,9.806,4.554,98.06,-2.00,1.42,68.84,-6.94
default,98.00,-1.00,9.820,5.143,98.04,-1.00,1.42,68.71,-6.38
default,98.00,0.00,9.836,5.732,98.02,-0.00,1.42,68.57,-5.81
default,98.00,1.00,9.861,6.324,98.05,1.00,1.42,68.43,-5.24
default,98.00,2.00,9.885,6.915,98.07,2.00,1.42,68.28,-4.68
default,98.00,3.00,9.906,7.503,98.01,3.00,1.43,68.14,-4.11
default,98.00,4.00,9.934,8.092,98.01,4.00,1.43,68.00,-3.54
default,98.00,5.00,9.967,8.684,98.06,5.00,1.43,67.86,-2.98
default,98.00,6.00,9.998,9.272,98.04,6.00,1.43,67.72,-2.42
default,98.00,7.00,10.032,9.859,98.01,7.00,1.43,67.58,-1.85
default,98.00,8.00,10.069,10.447,98.03,8.00,1.44,67.43,-1.29
default,98.00,9.00,10.109,11.033,98.04,9.00,1.44,67.29,-0.73
default,98.00,10.00,10.150,11.619,98.04,10.00,1.44,67.14,-0.17
default,100.00,-10.00,10.143,0.082,100.01,-10.00,1.44,69.91,-11.47
default,100.00,-9.00,10.143,0.655,100.00,-9.00,1.44,69.78,-10.91
default,100.00,-8.00,10.156,1.235,100.06,-8.00,1.44,69.64,-10.36
default,100.00,-7.00,10.156,1.808,100.03,-7.00,1.44,69.50,-9.81
default,100.00,-6.00,10.169,2.387,100.06,-6.00,1.44,69.37,-9.26
default,100.00,-5.00,10.171,2.960,100.02,-5.00,1.44,69.23,-8.70
default,100.00,-4.00,10.184,3.539,100.03,-4.00,1.45,69.09,-8.15
default,100.00,-3.00,10.198,4.117,100.03,-3.00,1.45,68.95,-7.60
default,100.00,-2.00,10.212,4.695,100.02,-2.00,1.45,68.81,-7.04
default,100.00,-1.00,10.228,5.272,100.00,-1.00,1.45,68.68,-6.49
default,100.00,0.00,10.252,5.853,100.04,0.00,1.45,68.54,-5.93
default,100.00,1.00,10.270,6.430,100.00,1.00,1.45,68.40,-5.38
default,100.00,2.00,10.296,7.010,100.02,2.00,1.45,68.25,-4.82
default,100.00,3.00,10.323,7.589,100.03,3.00,1.46,68.11,-4.27
default,100.00,4.00,10.352,8.167,100.02,4.00,1.46,67.97,-3.72
default,100.00,5.00,10.382,8.745,100.01,5.00,1.46,67.83,-3.16
default,100.00,6.00,10.418,9.323,100.05,6.00,1.46,67.69,-2.62
default,100.00,7.00,10.451,9.899,100.02,7.00,1.46,67.55,-2.06
default,100.00,8.00,10.490,10.476,100.04,8.00,1.47,67.40,-1.51
default,100.00,9.00,10.530,11.051,100.05,9.00,1.47,67.26,-0.97
default,100.00,10.00,10.572,11.625,100.05,10.00,1.47,67.11,-0.42
